[
   {
      "id": "120363024046468550@g.us",
      "key": "Diamond FF",
      "response": "❑ *LIST DIAMOND FF*\n_70 💎 = Rp10.000_\n_100 💎 = Rp15.000_\n_140 💎 = Rp20.000_\n_210 💎 = Rp30.000_\n_355 💎 = Rp50.000_\n_720 💎 = Rp100.000_",
      "isImage": false,
      "image_url": "-"
   },
   {
      "id": "120363043191960763@g.us",
      "key": "Diamond FF",
      "response": "❑ *LIST DIAMOND FF*\n_70 💎 = Rp10.000_\n_100 💎 = Rp15.000_\n_140 💎 = Rp20.000_\n_210 💎 = Rp30.000_\n_355 💎 = Rp50.000_\n_720 💎 = Rp100.000_",
      "isImage": false,
      "image_url": "-"
   }
]