[{"id":"6281575886399@s.whatsapp.net","healt":80},{"id":"12496030270@s.whatsapp.net","healt":70},{"id":"6283834558105@s.whatsapp.net","healt":180},{"id":"6283834558105@s.whatsapp.net","healt":80},{"id":"6285789004732@s.whatsapp.net","healt":100},{"id":"6285789004732@s.whatsapp.net","healt":100},{"id":"6285789004732@s.whatsapp.net","healt":100},{"id":"6285789004732@s.whatsapp.net","healt":100},{"id":"6285789004732@s.whatsapp.net","healt":100},{"id":"6285789004732@s.whatsapp.net","healt":100},{"id":"6285789004732@s.whatsapp.net","healt":100},{"id":"6285789004732@s.whatsapp.net","healt":100},{"id":"6285789004732@s.whatsapp.net","healt":100},{"id":"6285789004732@s.whatsapp.net","healt":100},{"id":"6285789004732@s.whatsapp.net","healt":90},{"id":"6285789004732@s.whatsapp.net","healt":100},{"id":"6285789004732@s.whatsapp.net","healt":100},{"id":"6285789004732@s.whatsapp.net","healt":100},{"id":"6285789004732@s.whatsapp.net","healt":100},{"id":"6285789004732@s.whatsapp.net","healt":100},{"id":"6285789004732@s.whatsapp.net","healt":100},{"id":"6285789004732@s.whatsapp.net","healt":100},{"id":"6285789004732@s.whatsapp.net","healt":100},{"id":"6285789004732@s.whatsapp.net","healt":100},{"id":"6283834558105@s.whatsapp.net","healt":80},{"id":"628889469704@s.whatsapp.net","healt":100},{"id":"212608184885@s.whatsapp.net","healt":90}]