[{"id":"6281575886399@s.whatsapp.net","besi":17,"gold":10,"emerald":7,"umpan":5,"potion":1},{"id":"12496030270@s.whatsapp.net","besi":15,"gold":10,"emerald":5,"umpan":5,"potion":1},{"id":"6283834558105@s.whatsapp.net","besi":20,"gold":10,"emerald":3,"umpan":5,"potion":1},{"id":"6283834558105@s.whatsapp.net","besi":15,"gold":10,"emerald":5,"umpan":5,"potion":1},{"id":"6285789004732@s.whatsapp.net","besi":15,"gold":10,"emerald":5,"umpan":5,"potion":1},{"id":"6285789004732@s.whatsapp.net","besi":15,"gold":10,"emerald":5,"umpan":5,"potion":1},{"id":"6285789004732@s.whatsapp.net","besi":15,"gold":10,"emerald":5,"umpan":5,"potion":1},{"id":"6285789004732@s.whatsapp.net","besi":15,"gold":10,"emerald":5,"umpan":5,"potion":1},{"id":"6285789004732@s.whatsapp.net","besi":15,"gold":10,"emerald":5,"umpan":5,"potion":1},{"id":"6285789004732@s.whatsapp.net","besi":15,"gold":10,"emerald":5,"umpan":5,"potion":1},{"id":"6285789004732@s.whatsapp.net","besi":15,"gold":10,"emerald":5,"umpan":5,"potion":1},{"id":"6285789004732@s.whatsapp.net","besi":15,"gold":10,"emerald":5,"umpan":5,"potion":1},{"id":"6285789004732@s.whatsapp.net","besi":15,"gold":10,"emerald":5,"umpan":5,"potion":1},{"id":"6285789004732@s.whatsapp.net","besi":15,"gold":10,"emerald":5,"umpan":5,"potion":1},{"id":"6285789004732@s.whatsapp.net","besi":15,"gold":10,"emerald":5,"umpan":5,"potion":1},{"id":"6285789004732@s.whatsapp.net","besi":15,"gold":10,"emerald":5,"umpan":5,"potion":1},{"id":"6285789004732@s.whatsapp.net","besi":15,"gold":10,"emerald":5,"umpan":5,"potion":1},{"id":"6285789004732@s.whatsapp.net","besi":15,"gold":10,"emerald":5,"umpan":5,"potion":1},{"id":"6285789004732@s.whatsapp.net","besi":15,"gold":10,"emerald":5,"umpan":5,"potion":1},{"id":"6285789004732@s.whatsapp.net","besi":15,"gold":10,"emerald":5,"umpan":5,"potion":1},{"id":"6285789004732@s.whatsapp.net","besi":15,"gold":10,"emerald":5,"umpan":5,"potion":1},{"id":"6285789004732@s.whatsapp.net","besi":15,"gold":10,"emerald":5,"umpan":5,"potion":1},{"id":"6285789004732@s.whatsapp.net","besi":15,"gold":10,"emerald":5,"umpan":5,"potion":1},{"id":"6283834558105@s.whatsapp.net","besi":15,"gold":10,"emerald":5,"umpan":5,"potion":1},{"id":"6283834558105@s.whatsapp.net","besi":15,"gold":10,"emerald":5,"umpan":5,"potion":1},{"id":"6283834558105@s.whatsapp.net","besi":15,"gold":10,"emerald":5,"umpan":6,"potion":1},{"id":"6283834558105@s.whatsapp.net","besi":15,"gold":10,"emerald":5,"umpan":5,"potion":1},{"id":"6283834558105@s.whatsapp.net","besi":null,"gold":8,"emerald":4,"umpan":5,"potion":1},{"id":"6283834558105@s.whatsapp.net","besi":15,"gold":10,"emerald":5,"umpan":5,"potion":1},{"id":"628889469704@s.whatsapp.net","besi":15,"gold":10,"emerald":5,"umpan":5,"potion":1},{"id":"6283178438902@s.whatsapp.net","besi":16,"gold":10,"emerald":5,"umpan":5,"potion":1},{"id":"6285830013853@s.whatsapp.net","besi":19,"gold":10,"emerald":5,"umpan":5,"potion":1},{"id":"6285830013853@s.whatsapp.net","besi":19,"gold":10,"emerald":6,"umpan":5,"potion":1},{"id":"6285830013853@s.whatsapp.net","besi":15,"gold":10,"emerald":5,"umpan":5,"potion":1}]