[{"id":"6281575886399@s.whatsapp.net","monay":1000},{"id":"6281575886399@s.whatsapp.net","monay":-1224999000},{"id":"6281575886399@s.whatsapp.net","monay":-69000},{"id":"12496030270@s.whatsapp.net","monay":1000},{"id":"6283834558105@s.whatsapp.net"},{"id":"6283834558105@s.whatsapp.net"},{"id":"6283834558105@s.whatsapp.net","monay":231500},{"id":"6285789004732@s.whatsapp.net","monay":1000},{"id":"6285789004732@s.whatsapp.net","monay":1000},{"id":"6285789004732@s.whatsapp.net","monay":1000},{"id":"6285789004732@s.whatsapp.net","monay":1000},{"id":"6285789004732@s.whatsapp.net","monay":1000},{"id":"6285789004732@s.whatsapp.net","monay":1000},{"id":"6285789004732@s.whatsapp.net","monay":1000},{"id":"6285789004732@s.whatsapp.net","monay":1000},{"id":"6285789004732@s.whatsapp.net","monay":1000},{"id":"6285789004732@s.whatsapp.net","monay":1000},{"id":"6285789004732@s.whatsapp.net","monay":1000},{"id":"6285789004732@s.whatsapp.net","monay":1000},{"id":"6285789004732@s.whatsapp.net","monay":1000},{"id":"6285789004732@s.whatsapp.net","monay":1000},{"id":"6285789004732@s.whatsapp.net","monay":1000},{"id":"6285789004732@s.whatsapp.net","monay":1000},{"id":"6285789004732@s.whatsapp.net","monay":1000},{"id":"6285789004732@s.whatsapp.net","monay":1000},{"id":"6283834558105@s.whatsapp.net","monay":1000},{"id":"6283834558105@s.whatsapp.net","monay":1000},{"id":"6283834558105@s.whatsapp.net","monay":-1500},{"id":"6283834558105@s.whatsapp.net","monay":1000},{"id":"6283834558105@s.whatsapp.net","monay":null},{"id":"6283834558105@s.whatsapp.net","monay":null},{"id":"6283834558105@s.whatsapp.net","monay":51000},{"id":"6283834558105@s.whatsapp.net","monay":1000},{"id":"6283834558105@s.whatsapp.net","monay":1000},{"id":"6283834558105@s.whatsapp.net","monay":1000},{"id":"6283834558105@s.whatsapp.net","monay":110500},{"id":"628889469704@s.whatsapp.net","monay":1000}]