{ 
   "success": "Berhasil",
   "admin": "Fitur Khusus Admin Group!",
   "botAdmin": "Bot Harus Menjadi Admin Terlebih Dahulu!",
   "owner": "Fitur Khusus Owner Bot",
   "group": "Fitur Digunakan Hanya Untuk Group!",
   "private": "Fitur Digunakan Hanya Untuk Private Chat!",
   "bot": "Fitur Khusus Pengguna Nomor Bot",
   "wait": "Tunggu sebentar, sedang di proses bro 🗿👍",
   "premier": "Fitur Ini Khusus User Premium\nMau Jadi User Premium Chat Owner",
   "endLimit": "Limit Harian Anda Telah Habis, Limit Akan Direset Setiap Jam 12"
}